,Floor,SA (ft2),Price(HK$),Price/ft2(SA),Date,District
0,H,687,20000,29.11,2022-04-30,Yau Tong
1,M,517,15000,29.01,2022-04-30,Yau Tong
2,H,748,21500,28.74,2022-04-30,Yau Tong
3,H,748,20500,27.41,2022-04-30,Yau Tong
4,L,522,16500,31.61,2022-04-30,Yau Tong
5,L,522,15700,30.08,2022-04-30,Yau Tong
6,L,748,20000,26.74,2022-04-30,Yau Tong
7,H,687,21000,30.57,2022-04-30,Yau Tong
8,M,525,16600,31.62,2022-04-30,Yau Tong
9,H,816,25000,30.64,2022-04-30,Tseung Kwan O
10,L,519,16000,30.83,2022-04-30,Tseung Kwan O
11,H,724,22000,30.39,2022-04-29,Tseung Kwan O
12,H,278,12800,46.04,2022-04-29,Aberdeen
13,M,363,14000,38.57,2022-04-29,Tseung Kwan O
14,H,447,16000,35.79,2022-04-29,Tseung Kwan O
15,M,450,14000,31.11,2022-04-29,Tseung Kwan O
16,L,431,12800,29.7,2022-04-27,Tseung Kwan O
18,H,739,18000,24.36,2022-04-26,Tseung Kwan O
19,L,650,23800,36.62,2022-04-26,Tseung Kwan O
20,M,773,40000,51.75,2022-04-26,Tseung Kwan O
21,L,448,15000,33.48,2022-04-25,Aberdeen
22,H,407,13500,33.17,2022-04-25,Aberdeen
23,H,415,15300,36.87,2022-04-25,Aberdeen
24,L,522,15300,29.31,2022-04-24,Yau Tong
25,H,506,13500,26.68,2022-04-24,Tseung Kwan O
26,H,441,14500,32.88,2022-04-24,Tseung Kwan O
27,H,441,15500,35.15,2022-04-24,Tseung Kwan O
28,L,506,13000,25.69,2022-04-24,Tseung Kwan O
29,H,420,13800,32.86,2022-04-24,Tseung Kwan O
30,H,363,14000,38.57,2022-04-24,Tseung Kwan O
31,H,438,14500,33.11,2022-04-24,Aberdeen
33,H,427,16500,38.64,2022-04-23,Aberdeen
34,L,265,13500,50.94,2022-04-23,Aberdeen
35,H,721,25500,35.37,2022-04-23,Aberdeen
36,L,517,15500,29.98,2022-04-22,Yau Tong
37,L,773,26500,34.28,2022-04-22,Tseung Kwan O
38,H,425,12800,30.12,2022-04-22,Tseung Kwan O
39,L,419,12500,29.83,2022-04-22,Aberdeen
40,L,448,14000,31.25,2022-04-21,Aberdeen
41,M,401,12500,31.17,2022-04-21,Tseung Kwan O
42,H,426,13000,30.52,2022-04-19,Tseung Kwan O
43,H,401,12000,29.93,2022-04-18,Tseung Kwan O
44,H,465,16800,36.13,2022-04-18,Tseung Kwan O
45,L,368,16000,43.48,2022-04-18,Tseung Kwan O
46,L,687,17000,24.75,2022-04-17,Yau Tong
47,H,905,30500,33.7,2022-04-17,Tseung Kwan O
48,H,644,22500,34.94,2022-04-17,Tseung Kwan O
49,M,484,14200,29.34,2022-04-17,Tseung Kwan O
50,L,526,17200,32.7,2022-04-16,Tseung Kwan O
51,H,426,12000,28.17,2022-04-16,Tseung Kwan O
52,H,554,13500,24.37,2022-04-15,Tseung Kwan O
53,H,463,16000,34.56,2022-04-15,Tseung Kwan O
54,H,626,18000,28.75,2022-04-15,Tseung Kwan O
55,H,269,11200,41.64,2022-04-15,Aberdeen
56,H,401,13000,32.42,2022-04-14,Wong Chuk Hang
57,H,485,14000,28.87,2022-04-09,Tseung Kwan O
58,H,363,13000,35.81,2022-04-09,Tseung Kwan O
59,H,485,14300,29.48,2022-04-09,Tseung Kwan O
60,H,211,9200,43.6,2022-04-09,Tseung Kwan O
61,H,611,16800,27.5,2022-04-09,Tseung Kwan O
62,M,517,17700,34.24,2022-04-07,Yau Tong
63,L,687,22000,32.02,2022-04-07,Yau Tong
64,L,496,19200,38.71,2022-04-07,Tseung Kwan O
65,M,538,16500,30.67,2022-04-07,Tseung Kwan O
66,M,470,15500,32.98,2022-04-07,Tseung Kwan O
67,M,675,26500,39.26,2022-04-07,Aberdeen
68,M,348,12500,35.92,2022-04-07,Tseung Kwan O
69,H,493,15800,32.05,2022-04-06,Aberdeen
70,H,377,13800,36.6,2022-04-06,Tseung Kwan O
71,M,354,12500,35.31,2022-04-06,Tseung Kwan O
72,H,360,12000,33.33,2022-04-05,Tseung Kwan O
73,H,466,15800,33.91,2022-04-05,Tseung Kwan O
74,H,541,20500,37.89,2022-04-04,Tseung Kwan O
75,H,539,20000,37.11,2022-04-04,Tseung Kwan O
76,M,551,19000,34.48,2022-04-04,Tseung Kwan O
77,H,687,18500,26.93,2022-04-03,Yau Tong
78,H,348,11800,33.91,2022-04-03,Tseung Kwan O
80,L,554,14500,26.17,2022-04-02,Tseung Kwan O
81,H,406,13000,32.02,2022-04-02,Tseung Kwan O
82,H,469,13500,28.78,2022-04-02,Aberdeen
83,H,406,14500,35.71,2022-04-02,Tseung Kwan O
84,H,415,14000,33.73,2022-04-01,Aberdeen
85,H,612,19000,31.05,2022-03-31,Lam Tin
86,L,517,13800,26.69,2022-03-31,Yau Tong
87,M,537,16000,29.8,2022-03-30,Lam Tin
88,L,517,13500,26.11,2022-03-30,Yau Tong
89,H,470,15000,31.91,2022-03-30,Tseung Kwan O
90,H,364,12600,34.62,2022-03-30,Tseung Kwan O
91,H,506,14000,27.67,2022-03-30,Tseung Kwan O
92,H,406,12600,31.03,2022-03-29,Tseung Kwan O
93,M,479,15500,32.36,2022-03-29,Aberdeen
94,M,481,12800,26.61,2022-03-29,Tseung Kwan O
95,H,427,16200,37.94,2022-03-29,Aberdeen
96,L,567,20000,35.27,2022-03-28,Tseung Kwan O
97,H,300,11300,37.67,2022-03-28,Aberdeen
98,L,538,17500,32.53,2022-03-27,Tseung Kwan O
99,H,589,12000,20.37,2022-03-27,Tseung Kwan O
100,M,321,10200,31.78,2022-03-27,Aberdeen
101,H,273,10000,36.63,2022-03-27,Aberdeen
102,H,479,15500,32.36,2022-03-27,Aberdeen
103,H,433,13000,30.02,2022-03-27,Tseung Kwan O
104,H,420,14000,33.33,2022-03-26,Tseung Kwan O
105,H,556,15500,27.88,2022-03-26,Tseung Kwan O
106,L,517,16000,30.95,2022-03-25,Yau Tong
107,L,517,13800,26.69,2022-03-25,Yau Tong
108,M,347,13200,38.04,2022-03-25,Tseung Kwan O
109,H,443,13500,30.47,2022-03-25,Tseung Kwan O
110,H,384,15000,39.06,2022-03-25,Tseung Kwan O
111,M,436,15000,34.4,2022-03-24,Tseung Kwan O
112,H,470,15500,32.98,2022-03-24,Tseung Kwan O
113,H,537,17000,31.66,2022-03-23,Lam Tin
114,L,537,15000,27.93,2022-03-22,Lam Tin
115,L,522,16000,30.65,2022-03-22,Yau Tong
116,L,441,15800,35.83,2022-03-22,Tseung Kwan O
117,H,538,18300,34.01,2022-03-22,Tseung Kwan O
118,H,300,12500,41.67,2022-03-22,Aberdeen
119,L,502,15000,29.88,2022-03-22,Tseung Kwan O
120,M,517,14500,28.05,2022-03-21,Yau Tong
121,L,363,12500,34.44,2022-03-21,Tseung Kwan O
122,H,299,11000,36.79,2022-03-21,Wong Chuk Hang
123,M,748,20500,27.41,2022-03-20,Yau Tong
124,L,687,16800,24.45,2022-03-20,Yau Tong
125,M,363,12600,34.71,2022-03-20,Tseung Kwan O
126,H,269,12000,44.61,2022-03-20,Aberdeen
127,L,517,13500,26.11,2022-03-18,Yau Tong
128,L,561,18000,32.09,2022-03-18,Tseung Kwan O
129,H,432,14800,34.26,2022-03-17,Aberdeen
131,L,448,14800,33.04,2022-03-17,Aberdeen
132,L,517,14300,27.66,2022-03-16,Yau Tong
133,M,495,12000,24.24,2022-03-16,Tseung Kwan O
134,M,612,18000,29.41,2022-03-15,Lam Tin
135,H,672,18000,26.79,2022-03-15,Tseung Kwan O
136,H,236,9000,38.14,2022-03-15,Aberdeen
137,L,687,16900,24.6,2022-03-14,Yau Tong
138,H,358,12300,34.36,2022-03-14,Tseung Kwan O
139,H,601,16000,26.62,2022-03-13,Tseung Kwan O
140,L,364,13500,37.09,2022-03-13,Tseung Kwan O
141,H,447,14000,31.32,2022-03-13,Aberdeen
142,H,668,23500,35.18,2022-03-13,Tseung Kwan O
143,H,348,13500,38.79,2022-03-13,Tseung Kwan O
144,H,612,19000,31.05,2022-03-12,Lam Tin
145,H,268,12000,44.78,2022-03-11,Aberdeen
146,H,364,13000,35.71,2022-03-11,Tseung Kwan O
147,H,296,10200,34.46,2022-03-10,Aberdeen
148,L,370,12300,33.24,2022-03-09,Aberdeen
149,H,386,13600,35.23,2022-03-09,Aberdeen
150,M,420,13000,30.95,2022-03-09,Tseung Kwan O
151,M,438,13500,30.82,2022-03-09,Tseung Kwan O
153,M,349,10000,28.65,2022-03-08,Tseung Kwan O
154,H,718,23000,32.03,2022-03-06,Lam Tin
155,L,748,20000,26.74,2022-03-06,Yau Tong
156,L,522,17000,32.57,2022-03-03,Yau Tong
157,H,441,16000,36.28,2022-03-03,Tseung Kwan O
158,L,356,13500,37.92,2022-03-03,Tseung Kwan O
159,H,537,15500,28.86,2022-03-02,Lam Tin
160,H,490,13500,27.55,2022-03-02,Aberdeen
161,L,560,17000,30.36,2022-03-02,Aberdeen
162,M,517,15500,29.98,2022-03-01,Yau Tong
163,H,517,16000,30.95,2022-03-01,Yau Tong
164,H,400,11000,27.5,2022-03-01,Aberdeen
165,H,748,20000,26.74,2022-02-28,Yau Tong
166,L,522,15200,29.12,2022-02-28,Yau Tong
167,L,517,15200,29.4,2022-02-28,Yau Tong
168,M,517,15800,30.56,2022-02-28,Yau Tong
169,H,517,16500,31.91,2022-02-28,Yau Tong
170,H,517,15500,29.98,2022-02-28,Yau Tong
171,M,517,16000,30.95,2022-02-28,Yau Tong
172,M,517,15000,29.01,2022-02-28,Yau Tong
173,H,517,13000,25.15,2022-02-28,Yau Tong
174,L,687,15000,21.83,2022-02-27,Yau Tong
175,L,293,11000,37.54,2022-02-27,Aberdeen
177,H,429,17000,39.63,2022-02-25,Tseung Kwan O
178,H,453,16500,36.42,2022-02-25,Tseung Kwan O
179,L,456,16000,35.09,2022-02-25,Tseung Kwan O
180,H,336,12500,37.2,2022-02-25,Aberdeen
181,H,336,12500,37.2,2022-02-25,Aberdeen
182,H,495,11500,23.23,2022-02-24,Tseung Kwan O
184,M,363,14000,38.57,2022-02-22,Tseung Kwan O
185,H,816,25500,31.25,2022-02-22,Tseung Kwan O
186,L,517,14000,27.08,2022-02-21,Yau Tong
187,M,517,14000,27.08,2022-02-21,Yau Tong
188,H,503,13000,25.84,2022-02-20,Tseung Kwan O
189,H,443,12500,28.22,2022-02-20,Tseung Kwan O
190,L,517,15000,29.01,2022-02-20,Yau Tong
191,H,591,16000,27.07,2022-02-19,Tseung Kwan O
192,M,497,13000,26.16,2022-02-19,Tseung Kwan O
193,L,517,15000,29.01,2022-02-19,Yau Tong
194,H,421,14500,34.44,2022-02-19,Aberdeen
195,L,349,11500,32.95,2022-02-18,Tseung Kwan O
196,H,561,18300,32.62,2022-02-18,Tseung Kwan O
197,M,372,13000,34.95,2022-02-18,Tseung Kwan O
198,L,213,9200,43.19,2022-02-18,Tseung Kwan O
199,L,530,21000,39.62,2022-02-18,Tseung Kwan O
200,L,543,20000,36.83,2022-02-18,Tseung Kwan O
201,M,406,16000,39.41,2022-02-18,Tseung Kwan O
202,L,431,13500,31.32,2022-02-18,Tseung Kwan O
203,H,452,14500,32.08,2022-02-18,Tseung Kwan O
204,H,591,16000,27.07,2022-02-18,Tseung Kwan O
205,L,313,12500,39.94,2022-02-17,Aberdeen
206,H,517,15300,29.59,2022-02-16,Yau Tong
207,H,605,21000,34.71,2022-02-16,Aberdeen
208,L,517,14600,28.24,2022-02-15,Yau Tong
209,M,517,15500,29.98,2022-02-15,Yau Tong
210,H,517,15000,29.01,2022-02-15,Yau Tong
211,H,517,16000,30.95,2022-02-15,Yau Tong
212,L,495,11500,23.23,2022-02-15,Tseung Kwan O
213,L,748,20000,26.74,2022-02-14,Yau Tong
214,L,517,13500,26.11,2022-02-14,Yau Tong
215,H,517,15300,29.59,2022-02-13,Yau Tong
216,H,517,15000,29.01,2022-02-13,Yau Tong
217,M,748,20000,26.74,2022-02-13,Yau Tong
218,M,381,10000,26.25,2022-02-13,Tseung Kwan O
219,H,438,14000,31.96,2022-02-13,Aberdeen
220,H,384,13000,33.85,2022-02-13,Aberdeen
221,M,255,12800,50.2,2022-02-13,Aberdeen
222,L,517,13600,26.31,2022-02-12,Yau Tong
223,M,255,12800,50.2,2022-02-12,Aberdeen
224,H,325,11000,33.85,2022-02-11,Aberdeen
226,H,451,15000,33.26,2022-02-09,Aberdeen
227,L,517,14800,28.63,2022-02-08,Yau Tong
229,H,451,14000,31.04,2022-02-07,Aberdeen
230,L,554,11000,19.86,2022-02-07,Tseung Kwan O
231,H,364,14000,38.46,2022-02-06,Tseung Kwan O
232,H,530,16000,30.19,2022-02-06,Tseung Kwan O
233,L,517,14900,28.82,2022-02-05,Yau Tong
234,M,748,19000,25.4,2022-02-05,Yau Tong
235,H,307,16500,53.75,2022-02-05,Tseung Kwan O
236,L,364,13500,37.09,2022-02-05,Tseung Kwan O
237,L,541,18500,34.2,2022-02-05,Tseung Kwan O
238,H,470,16000,34.04,2022-02-05,Tseung Kwan O
239,M,363,14900,41.05,2022-02-04,Tseung Kwan O
240,M,748,21000,28.07,2022-01-31,Yau Tong
241,L,687,18500,26.93,2022-01-31,Yau Tong
242,L,687,19500,28.38,2022-01-31,Yau Tong
243,M,687,19600,28.53,2022-01-31,Yau Tong
244,M,517,15000,29.01,2022-01-31,Yau Tong
245,M,517,16200,31.33,2022-01-31,Yau Tong
246,M,517,17000,32.88,2022-01-31,Yau Tong
247,H,522,16500,31.61,2022-01-31,Yau Tong
248,M,522,17000,32.57,2022-01-31,Yau Tong
249,L,517,14000,27.08,2022-01-31,Yau Tong
250,H,517,14500,28.05,2022-01-31,Yau Tong
251,L,517,14000,27.08,2022-01-31,Yau Tong
252,L,656,16000,24.39,2022-01-30,Tseung Kwan O
253,H,284,12000,42.25,2022-01-30,Aberdeen
254,H,775,23500,30.32,2022-01-29,Tseung Kwan O
255,H,307,14000,45.6,2022-01-29,Tseung Kwan O
256,H,503,14500,28.83,2022-01-29,Tseung Kwan O
257,L,517,16000,30.95,2022-01-28,Yau Tong
258,H,432,15800,36.57,2022-01-27,Aberdeen
259,M,517,14000,27.08,2022-01-26,Yau Tong
260,L,672,21000,31.25,2022-01-26,Tseung Kwan O
261,M,711,22300,31.36,2022-01-26,Tseung Kwan O
262,H,371,12500,33.69,2022-01-26,Aberdeen
263,H,363,14000,38.57,2022-01-26,Tseung Kwan O
264,H,753,23500,31.21,2022-01-26,Tseung Kwan O
265,L,302,9000,29.8,2022-01-25,Wong Chuk Hang
266,L,517,12500,24.18,2022-01-24,Yau Tong
267,M,537,17000,31.66,2022-01-23,Lam Tin
268,M,748,22000,29.41,2022-01-23,Yau Tong
269,H,517,17000,32.88,2022-01-23,Tseung Kwan O
270,M,354,13500,38.14,2022-01-23,Tseung Kwan O
271,M,517,15000,29.01,2022-01-22,Yau Tong
272,H,633,23500,37.12,2022-01-22,Tseung Kwan O
273,L,406,15300,37.68,2022-01-22,Tseung Kwan O
274,H,406,15800,38.92,2022-01-22,Tseung Kwan O
275,M,465,13500,29.03,2022-01-22,Tseung Kwan O
276,L,406,13000,32.02,2022-01-19,Aberdeen
277,H,381,16000,41.99,2022-01-18,Tseung Kwan O
278,L,364,13500,37.09,2022-01-18,Tseung Kwan O
279,L,410,13500,32.93,2022-01-17,Tseung Kwan O
280,H,364,14500,39.84,2022-01-17,Tseung Kwan O
281,H,438,16000,36.53,2022-01-17,Aberdeen
282,L,443,12000,27.09,2022-01-16,Tseung Kwan O
283,L,748,13500,18.05,2022-01-16,Yau Tong
284,H,556,16500,29.68,2022-01-16,Tseung Kwan O
285,H,466,16000,34.33,2022-01-16,Tseung Kwan O
286,L,748,25000,33.42,2022-01-15,Yau Tong
287,M,748,24000,32.09,2022-01-15,Yau Tong
288,H,434,17000,39.17,2022-01-15,Tseung Kwan O
289,M,698,21000,30.09,2022-01-15,Tseung Kwan O
290,M,687,20000,29.11,2022-01-13,Yau Tong
291,L,538,19000,35.32,2022-01-13,Tseung Kwan O
292,M,691,21500,31.11,2022-01-13,Tseung Kwan O
293,H,438,15600,35.62,2022-01-13,Aberdeen
294,L,368,13000,35.33,2022-01-13,Aberdeen
295,L,517,13800,26.69,2022-01-12,Yau Tong
296,L,310,11000,35.48,2022-01-12,Aberdeen
297,H,426,13500,31.69,2022-01-12,Tseung Kwan O
298,M,537,17000,31.66,2022-01-11,Lam Tin
299,L,517,16500,31.91,2022-01-10,Yau Tong
300,M,592,15200,25.68,2022-01-10,Tseung Kwan O
301,H,443,15000,33.86,2022-01-09,Aberdeen
302,L,526,17800,33.84,2022-01-09,Tseung Kwan O
303,H,279,11000,39.43,2022-01-09,Aberdeen
305,H,595,16000,26.89,2022-01-09,Tseung Kwan O
306,M,214,10200,47.66,2022-01-08,Aberdeen
307,H,443,15000,33.86,2022-01-08,Aberdeen
308,H,211,9600,45.5,2022-01-07,Tseung Kwan O
309,H,377,14800,39.26,2022-01-07,Tseung Kwan O
310,H,363,11000,30.3,2022-01-07,Aberdeen
311,M,522,16800,32.18,2022-01-06,Yau Tong
312,L,522,14200,27.2,2022-01-06,Yau Tong
313,M,213,9500,44.6,2022-01-05,Tseung Kwan O
314,M,589,13000,22.07,2022-01-05,Tseung Kwan O
315,H,297,11000,37.04,2022-01-05,Aberdeen
316,H,211,9200,43.6,2022-01-04,Tseung Kwan O
317,M,559,19000,33.99,2022-01-04,Aberdeen
318,L,372,15500,41.67,2022-01-04,Tseung Kwan O
319,H,720,23500,32.64,2022-01-03,Lam Tin
320,L,517,13500,26.11,2022-01-03,Yau Tong
321,M,325,12500,38.46,2022-01-03,Aberdeen
322,H,522,15500,29.69,2022-01-03,Tseung Kwan O
323,H,368,14000,38.04,2022-01-03,Tseung Kwan O
324,H,608,19000,31.25,2022-01-03,Tseung Kwan O
325,M,423,12000,28.37,2022-01-02,Aberdeen
326,M,517,15300,29.59,2022-01-01,Yau Tong
327,H,438,16000,36.53,2022-01-01,Aberdeen
328,M,626,21500,34.35,2022-01-01,Tseung Kwan O
329,M,687,21000,30.57,2021-12-31,Yau Tong
330,M,517,15000,29.01,2021-12-31,Yau Tong
331,M,517,16500,31.91,2021-12-31,Yau Tong
332,H,748,21000,28.07,2021-12-31,Yau Tong
333,L,517,13500,26.11,2021-12-31,Yau Tong
334,H,517,15000,29.01,2021-12-31,Yau Tong
335,H,687,20000,29.11,2021-12-31,Yau Tong
336,M,517,15000,29.01,2021-12-31,Yau Tong
337,L,517,14000,27.08,2021-12-31,Yau Tong
338,M,522,15800,30.27,2021-12-31,Yau Tong
339,H,517,17200,33.27,2021-12-31,Yau Tong
340,H,284,12000,42.25,2021-12-30,Aberdeen
341,L,355,13000,36.62,2021-12-29,Aberdeen
343,H,684,22500,32.89,2021-12-28,Tseung Kwan O
344,L,556,15000,26.98,2021-12-26,Tseung Kwan O
345,H,619,19500,31.5,2021-12-26,Tseung Kwan O
346,M,401,13000,32.42,2021-12-26,Tseung Kwan O
347,H,386,15800,40.93,2021-12-25,Aberdeen
348,M,748,22800,30.48,2021-12-24,Yau Tong
349,L,381,10500,27.56,2021-12-23,Tseung Kwan O
350,H,530,15000,28.3,2021-12-22,Tseung Kwan O
351,H,440,16800,38.18,2021-12-22,Tseung Kwan O
352,M,401,13000,32.42,2021-12-21,Tseung Kwan O
353,H,714,19000,26.61,2021-12-21,Tseung Kwan O
354,L,546,13500,24.73,2021-12-20,Tseung Kwan O
356,L,285,11000,38.6,2021-12-19,Aberdeen
358,H,530,14000,26.42,2021-12-18,Tseung Kwan O
359,M,431,14000,32.48,2021-12-18,Tseung Kwan O
360,H,463,15700,33.91,2021-12-18,Tseung Kwan O
361,L,645,16000,24.81,2021-12-18,Tseung Kwan O
362,L,517,13000,25.15,2021-12-17,Yau Tong
363,M,195,9500,48.72,2021-12-17,Aberdeen
364,H,402,11000,27.36,2021-12-17,Aberdeen
366,H,559,19000,33.99,2021-12-16,Aberdeen
367,L,687,20000,29.11,2021-12-16,Yau Tong
368,L,537,17000,31.66,2021-12-15,Lam Tin
369,H,304,11000,36.18,2021-12-15,Aberdeen
370,L,1270,41000,32.28,2021-12-14,Yau Tong
371,L,1204,38000,31.56,2021-12-14,Yau Tong
372,H,687,19000,27.66,2021-12-14,Yau Tong
373,H,429,13500,31.47,2021-12-13,Tseung Kwan O
374,H,384,13000,33.85,2021-12-13,Aberdeen
375,L,432,14300,33.1,2021-12-13,Aberdeen
376,H,401,12300,30.67,2021-12-12,Tseung Kwan O
377,M,354,13000,36.72,2021-12-11,Tseung Kwan O
378,L,576,22000,38.19,2021-12-11,Aberdeen
380,H,407,13200,32.43,2021-12-10,Aberdeen
381,H,304,11000,36.18,2021-12-10,Aberdeen
383,M,466,16000,34.33,2021-12-08,Tseung Kwan O
384,H,401,14500,36.16,2021-12-07,Pokfulam
385,L,539,15500,28.76,2021-12-07,Tseung Kwan O
386,H,377,15000,39.79,2021-12-07,Tseung Kwan O
387,H,503,17500,34.79,2021-12-07,Tseung Kwan O
388,L,748,22000,29.41,2021-12-06,Yau Tong
389,H,429,13800,32.17,2021-12-06,Tseung Kwan O
390,L,522,14800,28.35,2021-12-05,Yau Tong
391,H,410,14000,34.15,2021-12-05,Tseung Kwan O
392,L,432,15800,36.57,2021-12-05,Aberdeen
394,H,456,16800,36.84,2021-12-04,Tseung Kwan O
395,L,363,14500,39.94,2021-12-04,Tseung Kwan O
396,L,371,12500,33.69,2021-12-04,Aberdeen
398,H,434,16000,36.87,2021-12-03,Tseung Kwan O
401,M,614,19800,32.25,2021-11-30,Lam Tin
402,L,517,15300,29.59,2021-11-29,Yau Tong
403,L,274,9500,34.67,2021-11-29,Aberdeen
404,L,504,14500,28.77,2021-11-29,Aberdeen
405,L,383,13500,35.25,2021-11-29,Aberdeen
407,H,386,14800,38.34,2021-11-29,Aberdeen
408,L,612,20000,32.68,2021-11-28,Lam Tin
409,H,211,9500,45.02,2021-11-28,Tseung Kwan O
410,M,554,13500,24.37,2021-11-28,Tseung Kwan O
411,H,668,24500,36.68,2021-11-28,Tseung Kwan O
412,H,631,20000,31.7,2021-11-27,Tseung Kwan O
413,H,375,14000,37.33,2021-11-27,Aberdeen
414,M,329,9000,27.36,2021-11-27,Wong Chuk Hang
415,H,375,15500,41.33,2021-11-27,Aberdeen
416,M,748,24000,32.09,2021-11-26,Yau Tong
417,M,517,13800,26.69,2021-11-26,Yau Tong
418,M,363,15000,41.32,2021-11-26,Tseung Kwan O
419,M,612,20000,32.68,2021-11-24,Lam Tin
420,H,517,16000,30.95,2021-11-22,Yau Tong
421,L,344,12000,34.88,2021-11-22,Aberdeen
422,L,517,16500,31.91,2021-11-21,Yau Tong
423,H,701,22000,31.38,2021-11-21,Tseung Kwan O
424,M,612,20500,33.5,2021-11-20,Lam Tin
425,L,748,22500,30.08,2021-11-20,Yau Tong
426,L,517,16000,30.95,2021-11-20,Yau Tong
427,M,525,17800,33.9,2021-11-20,Yau Tong
428,M,517,16000,30.95,2021-11-19,Yau Tong
429,L,522,15300,29.31,2021-11-19,Yau Tong
430,L,432,15500,35.88,2021-11-19,Tseung Kwan O
431,L,687,22500,32.75,2021-11-17,Yau Tong
432,H,406,13000,32.02,2021-11-17,Aberdeen
433,H,274,12300,44.89,2021-11-16,Aberdeen
434,L,517,16800,32.5,2021-11-15,Yau Tong
435,H,626,20000,31.95,2021-11-15,Tseung Kwan O
437,H,364,14500,39.84,2021-11-14,Tseung Kwan O
438,H,612,20500,33.5,2021-11-13,Lam Tin
440,M,554,14000,25.27,2021-11-13,Tseung Kwan O
441,H,406,16500,40.64,2021-11-13,Tseung Kwan O
442,H,321,18000,56.07,2021-11-11,Aberdeen
443,M,522,17500,33.52,2021-11-10,Yau Tong
444,H,401,15500,38.65,2021-11-10,Aberdeen
445,L,522,16000,30.65,2021-11-09,Yau Tong
446,M,687,19500,28.38,2021-11-09,Yau Tong
447,M,517,15000,29.01,2021-11-09,Yau Tong
448,L,522,17800,34.1,2021-11-09,Yau Tong
449,L,517,17000,32.88,2021-11-09,Yau Tong
450,M,287,12400,43.21,2021-11-09,Aberdeen
451,L,384,13300,34.64,2021-11-09,Aberdeen
452,M,450,12800,28.44,2021-11-09,Tseung Kwan O
453,L,614,19500,31.76,2021-11-07,Lam Tin
454,L,522,16000,30.65,2021-11-07,Yau Tong
455,H,463,15300,33.05,2021-11-07,Tseung Kwan O
456,M,484,14300,29.55,2021-11-07,Tseung Kwan O
457,H,254,14600,57.48,2021-11-07,Aberdeen
458,H,382,15000,39.27,2021-11-06,Aberdeen
459,H,300,13000,43.33,2021-11-06,Aberdeen
460,H,419,13300,31.74,2021-11-06,Aberdeen
461,H,614,20600,33.55,2021-11-04,Lam Tin
462,H,517,16000,30.95,2021-11-04,Yau Tong
463,H,698,24000,34.38,2021-11-04,Tseung Kwan O
464,M,517,17000,32.88,2021-11-03,Yau Tong
465,M,429,13800,32.17,2021-11-03,Tseung Kwan O
466,H,556,16300,29.32,2021-11-03,Tseung Kwan O
467,H,287,11000,38.33,2021-11-03,Aberdeen
468,H,293,11600,39.59,2021-11-03,Aberdeen
469,H,364,15000,41.21,2021-11-03,Tseung Kwan O
470,L,388,16500,42.53,2021-11-03,Tseung Kwan O
472,H,420,14000,33.33,2021-11-01,Tseung Kwan O
473,M,538,19000,35.32,2021-11-01,Tseung Kwan O
474,L,517,16900,32.69,2021-10-31,Yau Tong
475,H,425,14400,33.88,2021-10-31,Aberdeen
476,L,407,13000,31.94,2021-10-31,Tseung Kwan O
477,H,267,12000,44.94,2021-10-31,Aberdeen
478,H,720,25000,34.72,2021-10-30,Lam Tin
479,M,687,24000,34.93,2021-10-30,Yau Tong
480,M,236,10800,45.76,2021-10-29,Aberdeen
482,L,432,16000,37.04,2021-10-27,Aberdeen
483,H,559,18500,33.09,2021-10-27,Aberdeen
484,H,375,16700,44.53,2021-10-27,Aberdeen
485,H,522,17000,32.57,2021-10-26,Yau Tong
486,M,517,17000,32.88,2021-10-25,Yau Tong
487,L,267,11300,42.32,2021-10-25,Aberdeen
488,L,452,14500,32.08,2021-10-25,Tseung Kwan O
489,H,431,14000,32.48,2021-10-24,Tseung Kwan O
490,H,687,25000,36.39,2021-10-23,Yau Tong
491,M,517,16800,32.5,2021-10-23,Yau Tong
492,M,517,16000,30.95,2021-10-22,Yau Tong
493,M,470,16800,35.74,2021-10-22,Tseung Kwan O
494,H,487,17000,34.91,2021-10-22,Tseung Kwan O
495,L,517,16500,31.91,2021-10-21,Yau Tong
496,H,748,22000,29.41,2021-10-21,Yau Tong
497,M,597,16500,27.64,2021-10-21,Tseung Kwan O
498,L,580,21800,37.59,2021-10-21,Tseung Kwan O
499,M,354,13800,38.98,2021-10-20,Tseung Kwan O
500,L,316,10000,31.65,2021-10-20,Aberdeen
501,H,265,12500,47.17,2021-10-19,Aberdeen
503,H,440,16500,37.5,2021-10-19,Tseung Kwan O
504,H,601,19000,31.61,2021-10-19,Tseung Kwan O
505,M,363,14500,39.94,2021-10-19,Tseung Kwan O
506,L,687,19500,28.38,2021-10-18,Yau Tong
507,L,517,16000,30.95,2021-10-18,Yau Tong
508,L,748,23000,30.75,2021-10-18,Yau Tong
509,H,370,15500,41.89,2021-10-18,Aberdeen
510,H,559,18800,33.63,2021-10-18,Aberdeen
511,L,577,23800,41.25,2021-10-18,Tseung Kwan O
512,L,517,17000,32.88,2021-10-17,Yau Tong
513,M,527,18000,34.16,2021-10-17,Tseung Kwan O
514,L,701,20000,28.53,2021-10-17,Tseung Kwan O
515,H,254,14500,57.09,2021-10-17,Aberdeen
516,L,748,20000,26.74,2021-10-16,Yau Tong
517,H,427,16000,37.47,2021-10-16,Aberdeen
518,L,560,17600,31.43,2021-10-15,Aberdeen
519,L,354,12500,35.31,2021-10-15,Wong Chuk Hang
520,H,438,15800,36.07,2021-10-15,Aberdeen
521,H,687,21500,31.3,2021-10-14,Yau Tong
522,H,517,18000,34.82,2021-10-14,Yau Tong
523,H,666,22500,33.78,2021-10-14,Tseung Kwan O
524,M,363,15000,41.32,2021-10-14,Tseung Kwan O
525,L,614,19000,30.94,2021-10-13,Lam Tin
526,H,214,10000,46.73,2021-10-13,Aberdeen
527,H,503,14500,28.83,2021-10-13,Tseung Kwan O
528,M,517,15000,29.01,2021-10-12,Yau Tong
529,M,517,15000,29.01,2021-10-12,Yau Tong
530,H,425,16500,38.82,2021-10-11,Tseung Kwan O
531,L,420,16500,39.29,2021-10-11,Tseung Kwan O
532,M,517,17500,33.85,2021-10-10,Yau Tong
534,L,381,11800,30.97,2021-10-10,Tseung Kwan O
535,H,364,14000,38.46,2021-10-10,Tseung Kwan O
536,H,354,14000,39.55,2021-10-10,Tseung Kwan O
537,M,484,15300,31.61,2021-10-10,Tseung Kwan O
539,H,291,12500,42.96,2021-10-10,Aberdeen
540,M,526,18200,34.6,2021-10-10,Tseung Kwan O
541,H,354,13800,38.98,2021-10-10,Tseung Kwan O
542,M,502,15000,29.88,2021-10-10,Tseung Kwan O
543,H,469,16000,34.12,2021-10-08,Aberdeen
544,M,466,17500,37.55,2021-10-08,Tseung Kwan O
545,H,273,12800,46.89,2021-10-08,Aberdeen
546,H,766,21800,28.46,2021-10-07,Tseung Kwan O
547,H,523,16500,31.55,2021-10-07,Tseung Kwan O
548,H,351,13800,39.32,2021-10-07,Tseung Kwan O
549,M,687,22500,32.75,2021-10-06,Yau Tong
550,M,517,16300,31.53,2021-10-06,Yau Tong
552,H,364,15000,41.21,2021-10-05,Tseung Kwan O
553,L,484,14500,29.96,2021-10-05,Tseung Kwan O
554,H,501,15500,30.94,2021-10-05,Tseung Kwan O
